"First Name","Last Name"
"April","Grant"
"Sam","Carter"
"Kelsey","Parker"
"Mary","West"
"Adrian","Howard"
"Freddie","Hamilton"
"Miley","Phillips"
"Luke","Roberts"
"Roland","Ross"
"Heather","Edwards"
"Freddie","Cameron"
"Lana","Warren"
"Brooke","Mitchell"
"Nicholas","Higgins"
"Dale","Grant"
"Stuart","Montgomery"
"Amy","Kelly"
"Jared","Tucker"
"Byron","Elliott"
"Ada","Campbell"
"Adelaide","Montgomery"
"Jenna","Brooks"
"Sawyer","Walker"
"Carina","Wilson"
"James","Cole"
"Brooke","Bennett"
"Edwin","Hill"
"Agata","Reed"
"Preston","Miller"
"Wilson","Henderson"
"Lily","Howard"
"Darcy","Nelson"
"Sophia","Perry"
"Marcus","Richardson"
"Rubie","Murray"
"Kelsey","Anderson"
"Vanessa","Brown"
"Aiden","Rogers"
"Vivian","Watson"
"Maya","Carter"
"John","Reed"
"Sydney","Williams"
"George","Tucker"
"Stuart","Moore"
"Ellia","Higgins"
"Honey","Richardson"
"Walter","Morgan"
"Alexander","Carroll"
"Derek","Foster"
"Miller","Brown"
"Isabella","Davis"
"Elian","Anderson"
"James","Hill"
"Eric","Dixon"
"Kelsey","Gibson"
"Roland","Parker"
"Miley","Riley"
"Michelle","Adams"
"Stella","Howard"
"Rubie","Cole"
"Maria","Morgan"
"Adrian","Cameron"
"Melanie","Mason"
"Olivia","Farrell"
"Alexander","Ross"
"Sam","Myers"
"Gianna","Foster"
"Dale","Kelley"
"Wilson","Craig"
"Edwin","Ferguson"
"Brianna","Williams"
"Jacob","Warren"
"Harold","Martin"
"Tess","Mason"
"Luke","Armstrong"
"Alan","Clark"
"Tara","Clark"
"Florrie","Barrett"
"Alissa","Craig"
"Justin","Williams"
"Hailey","Cooper"
"Adelaide","Bennett"
"Albert","Stewart"
"Jessica","Barnes"
"William","Gray"
"Miranda","Walker"
"Grace","Hill"
"Chester","Casey"
"Heather","Wells"
"Haris","Tucker"
"Tara","Phillips"
"Alfred","Warren"
"Brooke","Williams"
"Adrian","Hawkins"
"Walter","Armstrong"
"Ellia","Elliott"
"Kirsten","Parker"
"Joyce","Phillips"
"Ryan","Ryan"
"Stella","Wilson"
"Melissa","Alexander"
"Michael","Gibson"
"Naomi","Farrell"
"Lilianna","Dixon"
"Maya","Holmes"
"Anna","Turner"
"Amy","Tucker"
"Kevin","Barrett"
"Honey","Grant"
"Stuart","Reed"
"Lilianna","Harris"
"Miller","Holmes"
"Mary","Anderson"
"Frederick","Jones"
"Antony","Ellis"
"Ryan","Baker"
"Thomas","Alexander"
"Carl","Morrison"
"Paige","Rogers"
"Sofia","Barrett"
"Arthur","Riley"
"Miller","Barnes"
"Freddie","Wilson"
"Dexter","Ferguson"
"Jenna","Hamilton"
"Martin","Richards"
"Oliver","Nelson"
"Lenny","Baker"
"Nicole","Ferguson"
"Penelope","Holmes"
"Kate","Taylor"
"Amelia","Johnston"
"Alina","Farrell"
"Cadie","Cameron"
"Jasmine","Watson"
"Florrie","Hamilton"
"Sydney","Johnson"
"Miranda","Higgins"
"Spike","Craig"
"Robert","Henderson"
"Lily","Hunt"
"Arnold","Riley"
"Gianna","Parker"
"Adrianna","Casey"
"Samantha","Owens"
"Florrie","Perkins"
"Maximilian","Moore"
"William","Davis"
"Sabrina","Tucker"
"Sawyer","Harris"
"Henry","Ryan"
"Brad","Carroll"
"Eddy","Roberts"
"Amanda","Morris"
"Brooke","Campbell"
"Tara","Higgins"
"Catherine","Harrison"
"Victoria","Craig"
"Richard","Barrett"
"Alisa","Adams"
"Amy","Campbell"
"Ashton","Crawford"
"Frederick","Douglas"
"Carl","Ryan"
"Fenton","Gray"
"Maximilian","Tucker"
"Roland","Payne"
"Kirsten","Jones"
"Edward","Allen"
"Edgar","Perkins"
"Alexander","Perry"
"Mary","Evans"
"Kellan","Tucker"
"Chester","Cameron"
"Adrianna","Campbell"
"April","Phillips"
"Freddie","Harris"
"William","Phillips"
"Nicole","Phillips"
"Kimberly","Ryan"
"Fenton","Bailey"
"Maddie","Gibson"
"Max","Riley"
"Camila","Henderson"
"Alen","Jones"
"Violet","Hawkins"
"Aiden","Henderson"
"Amelia","Thomas"
"Brooke","Owens"
"Audrey","Jones"
"Maximilian","Anderson"
"Kirsten","Morgan"
"Jasmine","Warren"
"Miller","Turner"
"Miley","Russell"
"Sam","Riley"
"Dexter","Casey"
"Spike","Richards"
"Jacob","Brooks"
"Julia","Reed"
